{
  "project_info": {
    "project_number": "69226897459",
    "firebase_url": "https://travelapp-6a8ad.firebaseio.com",
    "project_id": "travelapp-6a8ad",
    "storage_bucket": "travelapp-6a8ad.appspot.com"
  },
  "client": [
    {
      "client_info": {
        "mobilesdk_app_id": "1:69226897459:android:b0077dd61bd74bf4",
        "android_client_info": {
          "package_name": "com.example.paulm.travelapp"
        }
      },
      "oauth_client": [
        {
          "client_id": "69226897459-dqh58ui97g844j1r0vtfb2to0mpr8sp8.apps.googleusercontent.com",
          "client_type": 3
        }
      ],
      "api_key": [
        {
          "current_key": "AIzaSyBDPb7UTevE6BGdGLbg74P7PhPYsXLffHw"
        }
      ],
      "services": {
        "analytics_service": {
          "status": 1
        },
        "appinvite_service": {
          "status": 1,
          "other_platform_oauth_client": []
        },
        "ads_service": {
          "status": 2
        }
      }
    }
  ],
  "configuration_version": "1"
}